 ,Area,Mean,Min,Max
1,9,255,255,255
2,41,255,255,255
3,38,255,255,255
4,5,255,255,255
5,7,255,255,255
6,4,255,255,255
7,10,255,255,255
8,61,255,255,255
9,36,255,255,255
10,10,255,255,255
11,66,255,255,255
12,4,255,255,255
13,6,255,255,255
14,5,255,255,255
15,7,255,255,255
16,5,255,255,255
17,52,255,255,255
18,9,255,255,255
19,6,255,255,255
20,127,255,255,255
21,220,255,255,255
22,37,255,255,255
23,4,255,255,255
24,264,255,255,255
25,4,255,255,255
26,40,255,255,255
27,11,255,255,255
28,109,255,255,255
29,6,255,255,255
30,52,255,255,255
31,194,255,255,255
32,9,255,255,255
33,69,255,255,255
34,4,255,255,255
35,4,255,255,255
36,78,255,255,255
37,5,255,255,255
38,52,255,255,255
39,77,255,255,255
40,7,255,255,255
41,9,255,255,255
42,100,255,255,255
43,10,255,255,255
44,99,255,255,255
45,76,255,255,255
46,16,255,255,255
47,33,255,255,255
48,205,255,255,255
49,52,255,255,255
50,30,255,255,255
51,94,255,255,255
52,43,255,255,255
53,17,255,255,255
54,6,255,255,255
55,5,255,255,255
56,89,255,255,255
57,10,255,255,255
58,100,255,255,255
59,134,255,255,255
60,16,255,255,255
61,260,255,255,255
62,6,255,255,255
63,22,255,255,255
64,100,255,255,255
65,108,255,255,255
66,179,255,255,255
67,16,255,255,255
68,112,255,255,255
69,5,255,255,255
70,70,255,255,255
71,10,255,255,255
72,21,255,255,255
73,80,255,255,255
74,88,255,255,255
75,71,255,255,255
76,5,255,255,255
77,58,255,255,255
78,4,255,255,255
79,12,255,255,255
80,4,255,255,255
81,37,255,255,255
82,4,255,255,255
83,76,255,255,255
84,347,255,255,255
85,197,255,255,255
86,5,255,255,255
87,159,255,255,255
88,5,255,255,255
89,14,255,255,255
90,5,255,255,255
91,4,255,255,255
92,4,255,255,255
93,4,255,255,255
94,8,255,255,255
95,240,255,255,255
96,102,255,255,255
97,94,255,255,255
98,642,255,255,255
99,4,255,255,255
100,5,255,255,255
101,8,255,255,255
102,10,255,255,255
103,8,255,255,255
104,37,255,255,255
105,180,255,255,255
106,5,255,255,255
107,195,255,255,255
108,5,255,255,255
109,7,255,255,255
110,94,255,255,255
111,46,255,255,255
112,15,255,255,255
113,6,255,255,255
114,78,255,255,255
115,60,255,255,255
116,5,255,255,255
117,5,255,255,255
118,7,255,255,255
119,88,255,255,255
120,32,255,255,255
121,5,255,255,255
122,8,255,255,255
123,109,255,255,255
124,47,255,255,255
125,18,255,255,255
126,4,255,255,255
127,17,255,255,255
128,108,255,255,255
129,137,255,255,255
130,4,255,255,255
131,101,255,255,255
132,6,255,255,255
133,5,255,255,255
134,8,255,255,255
135,19,255,255,255
136,9,255,255,255
137,4,255,255,255
138,18,255,255,255
139,69,255,255,255
140,4,255,255,255
141,13,255,255,255
142,15,255,255,255
143,51,255,255,255
144,17,255,255,255
145,121,255,255,255
146,6,255,255,255
147,6,255,255,255
148,37,255,255,255
149,64,255,255,255
150,8,255,255,255
151,43,255,255,255
152,81,255,255,255
153,28,255,255,255
154,50,255,255,255
155,4,255,255,255
156,92,255,255,255
157,17,255,255,255
158,7,255,255,255
159,44,255,255,255
160,4,255,255,255
161,62,255,255,255
162,4,255,255,255
163,179,255,255,255
164,53,255,255,255
165,8,255,255,255
166,50,255,255,255
167,43,255,255,255
168,36,255,255,255
169,15,255,255,255
170,81,255,255,255
171,15,255,255,255
172,10,255,255,255
173,17,255,255,255
174,14,255,255,255
175,107,255,255,255
176,244,255,255,255
177,152,255,255,255
178,11,255,255,255
179,30,255,255,255
180,162,255,255,255
181,66,255,255,255
182,91,255,255,255
183,110,255,255,255
184,74,255,255,255
185,216,255,255,255
186,6,255,255,255
187,259,255,255,255
188,7,255,255,255
189,8,255,255,255
190,4,255,255,255
191,7,255,255,255
192,205,255,255,255
193,4,255,255,255
194,4,255,255,255
195,4,255,255,255
196,181,255,255,255
197,5,255,255,255
198,10,255,255,255
199,6,255,255,255
200,94,255,255,255
201,36,255,255,255
202,8,255,255,255
203,78,255,255,255
204,117,255,255,255
205,5,255,255,255
206,79,255,255,255
207,148,255,255,255
208,21,255,255,255
209,87,255,255,255
210,4,255,255,255
211,6,255,255,255
212,45,255,255,255
213,208,255,255,255
214,37,255,255,255
215,31,255,255,255
216,101,255,255,255
217,242,255,255,255
218,4,255,255,255
219,95,255,255,255
220,110,255,255,255
221,7,255,255,255
222,4,255,255,255
223,16,255,255,255
224,19,255,255,255
225,13,255,255,255
226,9,255,255,255
227,80,255,255,255
228,17,255,255,255
229,8,255,255,255
230,72,255,255,255
231,68,255,255,255
232,4,255,255,255
233,4,255,255,255
234,183,255,255,255
235,128,255,255,255
236,29,255,255,255
237,5,255,255,255
238,7,255,255,255
239,56,255,255,255
240,74,255,255,255
241,9,255,255,255
242,9,255,255,255
243,47,255,255,255
244,200,255,255,255
245,28,255,255,255
246,108,255,255,255
247,8,255,255,255
248,12,255,255,255
249,23,255,255,255
250,5,255,255,255
251,135,255,255,255
252,18,255,255,255
253,6,255,255,255
254,31,255,255,255
255,11,255,255,255
256,108,255,255,255
257,8,255,255,255
258,7,255,255,255
259,58,255,255,255
260,90,255,255,255
261,29,255,255,255
262,6,255,255,255
263,9,255,255,255
264,103,255,255,255
265,56,255,255,255
266,84,255,255,255
267,111,255,255,255
268,48,255,255,255
269,69,255,255,255
270,4,255,255,255
271,6,255,255,255
272,112,255,255,255
273,168,255,255,255
274,4,255,255,255
275,59,255,255,255
276,31,255,255,255
277,11,255,255,255
278,5,255,255,255
279,4,255,255,255
280,9,255,255,255
281,17,255,255,255
282,11,255,255,255
283,6,255,255,255
284,10,255,255,255
285,116,255,255,255
286,32,255,255,255
287,4,255,255,255
288,7,255,255,255
289,79,255,255,255
290,179,255,255,255
291,5,255,255,255
292,167,255,255,255
293,4,255,255,255
294,6,255,255,255
295,5,255,255,255
296,58,255,255,255
297,6,255,255,255
298,5,255,255,255
299,162,255,255,255
300,22,255,255,255
301,31,255,255,255
302,5,255,255,255
303,23,255,255,255
304,91,255,255,255
305,9,255,255,255
306,53,255,255,255
307,21,255,255,255
308,40,255,255,255
309,67,255,255,255
310,42,255,255,255
311,10,255,255,255
312,15,255,255,255
313,232,255,255,255
314,135,255,255,255
315,95,255,255,255
316,49,255,255,255
317,4,255,255,255
318,4,255,255,255
319,109,255,255,255
320,21,255,255,255
321,4,255,255,255
322,4,255,255,255
323,25,255,255,255
324,44,255,255,255
325,232,255,255,255
326,125,255,255,255
327,129,255,255,255
328,42,255,255,255
329,4,255,255,255
330,95,255,255,255
331,7,255,255,255
332,90,255,255,255
333,65,255,255,255
334,75,255,255,255
335,4,255,255,255
336,75,255,255,255
337,5,255,255,255
338,82,255,255,255
339,248,255,255,255
340,78,255,255,255
341,21,255,255,255
342,15,255,255,255
343,118,255,255,255
344,14,255,255,255
345,97,255,255,255
346,72,255,255,255
347,53,255,255,255
348,6,255,255,255
349,5,255,255,255
350,431,255,255,255
351,189,255,255,255
352,75,255,255,255
353,125,255,255,255
354,4,255,255,255
355,45,255,255,255
356,4,255,255,255
357,501,255,255,255
358,66,255,255,255
359,4,255,255,255
360,146,255,255,255
361,4,255,255,255
362,4,255,255,255
363,80,255,255,255
364,9,255,255,255
365,86,255,255,255
366,82,255,255,255
367,16,255,255,255
368,6,255,255,255
369,26,255,255,255
370,20,255,255,255
371,191,255,255,255
372,63,255,255,255
373,75,255,255,255
374,5,255,255,255
375,92,255,255,255
376,208,255,255,255
377,34,255,255,255
378,121,255,255,255
379,5,255,255,255
380,5,255,255,255
381,42,255,255,255
382,37,255,255,255
383,51,255,255,255
384,184,255,255,255
385,151,255,255,255
386,4,255,255,255
387,13,255,255,255
388,231,255,255,255
389,73,255,255,255
390,91,255,255,255
391,4,255,255,255
392,75,255,255,255
393,53,255,255,255
394,9,255,255,255
395,35,255,255,255
396,55,255,255,255
397,47,255,255,255
398,92,255,255,255
399,12,255,255,255
400,151,255,255,255
401,84,255,255,255
402,4,255,255,255
403,290,255,255,255
404,5,255,255,255
405,76,255,255,255
406,20,255,255,255
407,70,255,255,255
408,21,255,255,255
409,54,255,255,255
410,41,255,255,255
411,11,255,255,255
412,106,255,255,255
413,23,255,255,255
414,141,255,255,255
415,242,255,255,255
416,6,255,255,255
417,12,255,255,255
418,170,255,255,255
419,54,255,255,255
420,6,255,255,255
421,78,255,255,255
422,4,255,255,255
423,28,255,255,255
424,83,255,255,255
425,131,255,255,255
426,15,255,255,255
427,22,255,255,255
428,21,255,255,255
429,18,255,255,255
430,12,255,255,255
431,27,255,255,255
432,157,255,255,255
433,5,255,255,255
434,47,255,255,255
435,91,255,255,255
436,7,255,255,255
437,17,255,255,255
438,4,255,255,255
439,22,255,255,255
440,244,255,255,255
441,6,255,255,255
442,113,255,255,255
443,9,255,255,255
444,19,255,255,255
445,101,255,255,255
446,14,255,255,255
447,4,255,255,255
448,6,255,255,255
449,150,255,255,255
450,63,255,255,255
451,105,255,255,255
452,95,255,255,255
453,5,255,255,255
454,4,255,255,255
455,65,255,255,255
456,147,255,255,255
457,108,255,255,255
458,4,255,255,255
459,4,255,255,255
460,5,255,255,255
461,6,255,255,255
462,54,255,255,255
463,50,255,255,255
464,7,255,255,255
465,93,255,255,255
466,59,255,255,255
467,7,255,255,255
468,253,255,255,255
469,5,255,255,255
470,7,255,255,255
471,93,255,255,255
472,4,255,255,255
473,112,255,255,255
474,17,255,255,255
475,11,255,255,255
476,137,255,255,255
477,11,255,255,255
478,102,255,255,255
479,6,255,255,255
480,67,255,255,255
481,12,255,255,255
482,37,255,255,255
483,21,255,255,255
484,6,255,255,255
485,6,255,255,255
486,4,255,255,255
487,34,255,255,255
488,39,255,255,255
489,4,255,255,255
490,5,255,255,255
491,12,255,255,255
492,5,255,255,255
493,54,255,255,255
494,6,255,255,255
495,19,255,255,255
496,20,255,255,255
497,28,255,255,255
498,65,255,255,255
499,4,255,255,255
500,50,255,255,255
501,14,255,255,255
502,4,255,255,255
503,104,255,255,255
504,14,255,255,255
505,9,255,255,255
506,7,255,255,255
507,13,255,255,255
508,114,255,255,255
509,106,255,255,255
510,7,255,255,255
511,80,255,255,255
512,127,255,255,255
513,54,255,255,255
514,16,255,255,255
515,4,255,255,255
516,7,255,255,255
517,89,255,255,255
518,95,255,255,255
519,6,255,255,255
520,7,255,255,255
521,12,255,255,255
522,8,255,255,255
523,98,255,255,255
524,60,255,255,255
525,57,255,255,255
526,99,255,255,255
527,134,255,255,255
528,22,255,255,255
529,4,255,255,255
530,64,255,255,255
531,79,255,255,255
532,173,255,255,255
533,4,255,255,255
534,181,255,255,255
535,10,255,255,255
536,142,255,255,255
537,18,255,255,255
538,17,255,255,255
539,4,255,255,255
540,74,255,255,255
541,33,255,255,255
542,7,255,255,255
543,74,255,255,255
544,12,255,255,255
545,43,255,255,255
546,6,255,255,255
547,48,255,255,255
548,187,255,255,255
549,4,255,255,255
550,4,255,255,255
551,73,255,255,255
552,4,255,255,255
553,4,255,255,255
554,5,255,255,255
555,4,255,255,255
556,60,255,255,255
557,5,255,255,255
558,118,255,255,255
559,9,255,255,255
560,12,255,255,255
561,147,255,255,255
562,22,255,255,255
563,72,255,255,255
564,103,255,255,255
565,45,255,255,255
566,124,255,255,255
567,7,255,255,255
568,55,255,255,255
569,5,255,255,255
570,37,255,255,255
571,4,255,255,255
572,22,255,255,255
573,4,255,255,255
574,12,255,255,255
575,7,255,255,255
576,202,255,255,255
577,316,255,255,255
578,32,255,255,255
579,208,255,255,255
580,88,255,255,255
581,15,255,255,255
582,4,255,255,255
583,59,255,255,255
584,321,255,255,255
585,157,255,255,255
586,5,255,255,255
587,168,255,255,255
588,45,255,255,255
589,56,255,255,255
590,75,255,255,255
591,4,255,255,255
592,51,255,255,255
593,19,255,255,255
594,10,255,255,255
595,11,255,255,255
596,12,255,255,255
597,237,255,255,255
598,6,255,255,255
599,94,255,255,255
600,6,255,255,255
601,114,255,255,255
602,16,255,255,255
603,4,255,255,255
604,71,255,255,255
605,99,255,255,255
606,4,255,255,255
607,80,255,255,255
608,6,255,255,255
609,34,255,255,255
610,39,255,255,255
611,87,255,255,255
612,51,255,255,255
613,73,255,255,255
614,4,255,255,255
615,5,255,255,255
616,61,255,255,255
617,103,255,255,255
618,4,255,255,255
619,7,255,255,255
620,34,255,255,255
621,163,255,255,255
622,136,255,255,255
623,27,255,255,255
624,52,255,255,255
625,25,255,255,255
626,10,255,255,255
627,86,255,255,255
628,18,255,255,255
629,170,255,255,255
630,52,255,255,255
631,9,255,255,255
632,23,255,255,255
633,62,255,255,255
634,92,255,255,255
635,7,255,255,255
636,4,255,255,255
637,74,255,255,255
638,7,255,255,255
639,204,255,255,255
640,18,255,255,255
641,8,255,255,255
642,213,255,255,255
643,7,255,255,255
644,34,255,255,255
645,41,255,255,255
646,4,255,255,255
647,39,255,255,255
648,4,255,255,255
649,25,255,255,255
650,5,255,255,255
651,35,255,255,255
652,84,255,255,255
653,5,255,255,255
654,10,255,255,255
655,119,255,255,255
656,42,255,255,255
657,5,255,255,255
658,4,255,255,255
659,166,255,255,255
660,57,255,255,255
661,6,255,255,255
662,82,255,255,255
663,74,255,255,255
664,219,255,255,255
665,5,255,255,255
666,16,255,255,255
667,8,255,255,255
668,8,255,255,255
669,119,255,255,255
670,32,255,255,255
671,52,255,255,255
672,75,255,255,255
673,140,255,255,255
674,50,255,255,255
675,18,255,255,255
676,119,255,255,255
677,9,255,255,255
678,4,255,255,255
679,148,255,255,255
680,100,255,255,255
681,6,255,255,255
682,92,255,255,255
683,66,255,255,255
684,5,255,255,255
685,72,255,255,255
686,9,255,255,255
687,4,255,255,255
688,5,255,255,255
689,21,255,255,255
690,75,255,255,255
691,12,255,255,255
692,287,255,255,255
693,11,255,255,255
694,10,255,255,255
695,22,255,255,255
696,12,255,255,255
697,85,255,255,255
698,126,255,255,255
699,37,255,255,255
700,10,255,255,255
701,52,255,255,255
702,63,255,255,255
703,85,255,255,255
704,96,255,255,255
705,16,255,255,255
706,32,255,255,255
707,4,255,255,255
708,69,255,255,255
709,22,255,255,255
710,12,255,255,255
711,4,255,255,255
712,61,255,255,255
713,68,255,255,255
714,294,255,255,255
715,4,255,255,255
716,61,255,255,255
717,4,255,255,255
718,5,255,255,255
719,6,255,255,255
720,68,255,255,255
721,46,255,255,255
722,93,255,255,255
723,9,255,255,255
724,9,255,255,255
725,94,255,255,255
726,6,255,255,255
727,112,255,255,255
728,8,255,255,255
729,5,255,255,255
730,5,255,255,255
731,132,255,255,255
732,7,255,255,255
733,82,255,255,255
734,91,255,255,255
735,113,255,255,255
736,4,255,255,255
737,7,255,255,255
738,97,255,255,255
739,29,255,255,255
740,46,255,255,255
741,4,255,255,255
742,4,255,255,255
743,4,255,255,255
744,4,255,255,255
745,23,255,255,255
746,153,255,255,255
747,64,255,255,255
748,23,255,255,255
749,12,255,255,255
750,6,255,255,255
751,4,255,255,255
752,177,255,255,255
753,51,255,255,255
754,122,255,255,255
755,87,255,255,255
756,6,255,255,255
757,4,255,255,255
758,14,255,255,255
759,80,255,255,255
760,6,255,255,255
761,5,255,255,255
762,8,255,255,255
763,62,255,255,255
764,36,255,255,255
765,20,255,255,255
766,367,255,255,255
767,8,255,255,255
768,177,255,255,255
769,4,255,255,255
770,52,255,255,255
771,32,255,255,255
772,4,255,255,255
773,4,255,255,255
774,5,255,255,255
775,68,255,255,255
776,7,255,255,255
777,21,255,255,255
778,61,255,255,255
779,18,255,255,255
780,5,255,255,255
781,80,255,255,255
782,4,255,255,255
783,4,255,255,255
784,59,255,255,255
785,65,255,255,255
786,9,255,255,255
787,53,255,255,255
788,51,255,255,255
789,11,255,255,255
790,45,255,255,255
791,64,255,255,255
792,5,255,255,255
793,4,255,255,255
794,5,255,255,255
795,7,255,255,255
796,18,255,255,255
797,109,255,255,255
798,70,255,255,255
799,5,255,255,255
800,146,255,255,255
801,96,255,255,255
802,10,255,255,255
803,185,255,255,255
804,20,255,255,255
805,79,255,255,255
806,79,255,255,255
807,69,255,255,255
808,164,255,255,255
809,12,255,255,255
810,54,255,255,255
811,4,255,255,255
812,15,255,255,255
813,15,255,255,255
814,33,255,255,255
815,16,255,255,255
816,14,255,255,255
817,93,255,255,255
818,36,255,255,255
819,58,255,255,255
820,5,255,255,255
821,131,255,255,255
822,5,255,255,255
823,13,255,255,255
824,83,255,255,255
825,5,255,255,255
826,32,255,255,255
827,36,255,255,255
828,4,255,255,255
829,12,255,255,255
830,6,255,255,255
831,7,255,255,255
832,26,255,255,255
833,8,255,255,255
834,4,255,255,255
835,4,255,255,255
836,4,255,255,255
837,13,255,255,255
838,13,255,255,255
839,19,255,255,255
840,47,255,255,255
841,24,255,255,255
842,15,255,255,255
843,44,255,255,255
844,104,255,255,255
845,7,255,255,255
846,51,255,255,255
847,5,255,255,255
848,128,255,255,255
849,82,255,255,255
850,8,255,255,255
851,41,255,255,255
852,4,255,255,255
853,79,255,255,255
854,13,255,255,255
855,171,255,255,255
856,39,255,255,255
857,23,255,255,255
858,13,255,255,255
859,92,255,255,255
860,16,255,255,255
861,63,255,255,255
862,15,255,255,255
863,129,255,255,255
864,6,255,255,255
865,39,255,255,255
866,58,255,255,255
867,19,255,255,255
868,17,255,255,255
869,128,255,255,255
870,10,255,255,255
871,142,255,255,255
872,7,255,255,255
873,20,255,255,255
874,5,255,255,255
875,5,255,255,255
876,88,255,255,255
877,90,255,255,255
878,4,255,255,255
879,9,255,255,255
880,77,255,255,255
881,77,255,255,255
882,72,255,255,255
883,5,255,255,255
884,52,255,255,255
885,154,255,255,255
886,9,255,255,255
887,4,255,255,255
888,7,255,255,255
889,25,255,255,255
890,15,255,255,255
891,12,255,255,255
892,145,255,255,255
893,38,255,255,255
894,66,255,255,255
895,5,255,255,255
896,71,255,255,255
897,28,255,255,255
898,60,255,255,255
899,33,255,255,255
900,46,255,255,255
901,7,255,255,255
902,138,255,255,255
903,16,255,255,255
904,161,255,255,255
905,47,255,255,255
906,145,255,255,255
907,82,255,255,255
908,25,255,255,255
909,112,255,255,255
910,125,255,255,255
911,42,255,255,255
912,22,255,255,255
913,6,255,255,255
914,12,255,255,255
915,24,255,255,255
916,5,255,255,255
917,47,255,255,255
918,5,255,255,255
919,62,255,255,255
920,168,255,255,255
921,266,255,255,255
922,189,255,255,255
923,16,255,255,255
924,34,255,255,255
925,32,255,255,255
926,6,255,255,255
927,58,255,255,255
928,12,255,255,255
929,57,255,255,255
930,61,255,255,255
931,7,255,255,255
932,34,255,255,255
933,4,255,255,255
934,4,255,255,255
935,4,255,255,255
936,36,255,255,255
937,20,255,255,255
938,91,255,255,255
939,14,255,255,255
940,9,255,255,255
941,70,255,255,255
942,7,255,255,255
943,77,255,255,255
944,16,255,255,255
945,15,255,255,255
946,88,255,255,255
947,5,255,255,255
948,6,255,255,255
949,4,255,255,255
950,7,255,255,255
951,20,255,255,255
952,70,255,255,255
953,6,255,255,255
954,10,255,255,255
955,4,255,255,255
956,72,255,255,255
957,133,255,255,255
958,85,255,255,255
959,7,255,255,255
960,14,255,255,255
961,18,255,255,255
962,30,255,255,255
963,10,255,255,255
964,81,255,255,255
965,74,255,255,255
966,41,255,255,255
967,45,255,255,255
968,6,255,255,255
969,6,255,255,255
970,11,255,255,255
971,4,255,255,255
972,11,255,255,255
973,476,255,255,255
974,8,255,255,255
975,81,255,255,255
976,12,255,255,255
977,18,255,255,255
978,4,255,255,255
979,65,255,255,255
980,8,255,255,255
981,25,255,255,255
982,4,255,255,255
983,43,255,255,255
984,26,255,255,255
985,7,255,255,255
986,5,255,255,255
987,8,255,255,255
988,74,255,255,255
989,18,255,255,255
990,31,255,255,255
991,74,255,255,255
992,92,255,255,255
993,94,255,255,255
994,20,255,255,255
995,6,255,255,255
996,15,255,255,255
997,245,255,255,255
998,40,255,255,255
999,6,255,255,255
1000,36,255,255,255
1001,6,255,255,255
1002,5,255,255,255
1003,16,255,255,255
1004,87,255,255,255
1005,81,255,255,255
1006,18,255,255,255
1007,5,255,255,255
1008,5,255,255,255
1009,184,255,255,255
1010,4,255,255,255
1011,10,255,255,255
1012,180,255,255,255
1013,101,255,255,255
1014,4,255,255,255
1015,33,255,255,255
1016,65,255,255,255
1017,7,255,255,255
1018,22,255,255,255
1019,4,255,255,255
1020,102,255,255,255
1021,4,255,255,255
1022,71,255,255,255
1023,82,255,255,255
1024,12,255,255,255
1025,10,255,255,255
1026,5,255,255,255
1027,68,255,255,255
1028,8,255,255,255
1029,12,255,255,255
1030,5,255,255,255
1031,20,255,255,255
1032,12,255,255,255
1033,34,255,255,255
1034,46,255,255,255
1035,77,255,255,255
1036,4,255,255,255
1037,132,255,255,255
1038,83,255,255,255
1039,54,255,255,255
1040,110,255,255,255
1041,64,255,255,255
1042,114,255,255,255
1043,68,255,255,255
1044,63,255,255,255
1045,6,255,255,255
1046,73,255,255,255
1047,12,255,255,255
1048,8,255,255,255
1049,33,255,255,255
1050,16,255,255,255
1051,11,255,255,255
1052,15,255,255,255
1053,33,255,255,255
1054,8,255,255,255
1055,96,255,255,255
1056,4,255,255,255
1057,73,255,255,255
1058,80,255,255,255
1059,6,255,255,255
1060,70,255,255,255
1061,135,255,255,255
1062,194,255,255,255
1063,57,255,255,255
1064,5,255,255,255
1065,9,255,255,255
1066,148,255,255,255
1067,80,255,255,255
1068,79,255,255,255
1069,12,255,255,255
1070,119,255,255,255
1071,5,255,255,255
1072,4,255,255,255
1073,69,255,255,255
1074,87,255,255,255
1075,31,255,255,255
1076,182,255,255,255
1077,52,255,255,255
1078,154,255,255,255
1079,76,255,255,255
1080,4,255,255,255
1081,162,255,255,255
1082,48,255,255,255
1083,11,255,255,255
1084,62,255,255,255
1085,10,255,255,255
1086,14,255,255,255
1087,111,255,255,255
1088,4,255,255,255
1089,6,255,255,255
1090,9,255,255,255
1091,51,255,255,255
1092,4,255,255,255
1093,21,255,255,255
1094,71,255,255,255
1095,17,255,255,255
1096,80,255,255,255
1097,83,255,255,255
1098,139,255,255,255
1099,91,255,255,255
1100,43,255,255,255
1101,70,255,255,255
1102,119,255,255,255
1103,53,255,255,255
1104,137,255,255,255
1105,4,255,255,255
1106,34,255,255,255
1107,41,255,255,255
1108,6,255,255,255
1109,6,255,255,255
1110,86,255,255,255
1111,52,255,255,255
1112,29,255,255,255
1113,16,255,255,255
1114,4,255,255,255
1115,13,255,255,255
1116,66,255,255,255
1117,5,255,255,255
1118,41,255,255,255
1119,121,255,255,255
1120,19,255,255,255
1121,6,255,255,255
1122,10,255,255,255
1123,5,255,255,255
1124,36,255,255,255
1125,21,255,255,255
1126,11,255,255,255
1127,34,255,255,255
1128,5,255,255,255
1129,27,255,255,255
1130,302,255,255,255
1131,8,255,255,255
1132,62,255,255,255
1133,19,255,255,255
1134,61,255,255,255
1135,9,255,255,255
1136,56,255,255,255
1137,67,255,255,255
1138,63,255,255,255
1139,51,255,255,255
1140,5,255,255,255
1141,51,255,255,255
1142,13,255,255,255
1143,57,255,255,255
1144,141,255,255,255
1145,122,255,255,255
1146,4,255,255,255
1147,410,255,255,255
1148,8,255,255,255
1149,138,255,255,255
1150,6,255,255,255
1151,4,255,255,255
1152,9,255,255,255
1153,20,255,255,255
1154,11,255,255,255
1155,14,255,255,255
1156,78,255,255,255
1157,23,255,255,255
1158,11,255,255,255
1159,31,255,255,255
1160,8,255,255,255
1161,24,255,255,255
1162,5,255,255,255
1163,5,255,255,255
1164,88,255,255,255
1165,6,255,255,255
1166,4,255,255,255
1167,57,255,255,255
1168,5,255,255,255
1169,44,255,255,255
1170,76,255,255,255
1171,4,255,255,255
1172,144,255,255,255
1173,23,255,255,255
1174,4,255,255,255
1175,52,255,255,255
1176,8,255,255,255
1177,5,255,255,255
1178,4,255,255,255
1179,145,255,255,255
1180,6,255,255,255
1181,63,255,255,255
1182,5,255,255,255
1183,81,255,255,255
1184,16,255,255,255
1185,65,255,255,255
1186,31,255,255,255
1187,70,255,255,255
1188,53,255,255,255
1189,6,255,255,255
1190,40,255,255,255
1191,59,255,255,255
1192,5,255,255,255
1193,67,255,255,255
1194,4,255,255,255
1195,23,255,255,255
1196,85,255,255,255
1197,145,255,255,255
1198,93,255,255,255
1199,4,255,255,255
1200,48,255,255,255
1201,29,255,255,255
1202,8,255,255,255
1203,4,255,255,255
1204,28,255,255,255
1205,109,255,255,255
1206,36,255,255,255
1207,121,255,255,255
1208,6,255,255,255
1209,8,255,255,255
1210,8,255,255,255
1211,324,255,255,255
1212,75,255,255,255
1213,102,255,255,255
1214,6,255,255,255
1215,4,255,255,255
1216,54,255,255,255
1217,32,255,255,255
1218,52,255,255,255
1219,4,255,255,255
1220,72,255,255,255
1221,12,255,255,255
1222,71,255,255,255
1223,18,255,255,255
1224,13,255,255,255
1225,70,255,255,255
1226,7,255,255,255
1227,13,255,255,255
1228,25,255,255,255
1229,40,255,255,255
1230,11,255,255,255
1231,32,255,255,255
1232,54,255,255,255
1233,17,255,255,255
1234,4,255,255,255
1235,4,255,255,255
1236,187,255,255,255
1237,18,255,255,255
1238,27,255,255,255
1239,57,255,255,255
1240,6,255,255,255
1241,4,255,255,255
1242,65,255,255,255
1243,7,255,255,255
1244,4,255,255,255
1245,67,255,255,255
1246,4,255,255,255
1247,6,255,255,255
1248,12,255,255,255
1249,41,255,255,255
1250,34,255,255,255
1251,21,255,255,255
1252,16,255,255,255
1253,5,255,255,255
1254,7,255,255,255
1255,16,255,255,255
1256,38,255,255,255
1257,10,255,255,255
1258,84,255,255,255
1259,41,255,255,255
1260,40,255,255,255
1261,66,255,255,255
1262,114,255,255,255
1263,94,255,255,255
1264,9,255,255,255
1265,79,255,255,255
1266,131,255,255,255
1267,63,255,255,255
1268,7,255,255,255
1269,52,255,255,255
1270,64,255,255,255
1271,21,255,255,255
1272,4,255,255,255
1273,8,255,255,255
1274,99,255,255,255
1275,13,255,255,255
1276,6,255,255,255
1277,5,255,255,255
1278,4,255,255,255
1279,126,255,255,255
1280,22,255,255,255
1281,8,255,255,255
1282,12,255,255,255
1283,13,255,255,255
1284,5,255,255,255
1285,20,255,255,255
1286,101,255,255,255
1287,74,255,255,255
1288,59,255,255,255
1289,14,255,255,255
1290,42,255,255,255
1291,4,255,255,255
1292,60,255,255,255
1293,72,255,255,255
1294,54,255,255,255
1295,27,255,255,255
1296,37,255,255,255
1297,74,255,255,255
1298,64,255,255,255
1299,5,255,255,255
1300,31,255,255,255
1301,105,255,255,255
1302,7,255,255,255
1303,68,255,255,255
1304,4,255,255,255
1305,130,255,255,255
1306,80,255,255,255
1307,50,255,255,255
1308,52,255,255,255
1309,58,255,255,255
1310,78,255,255,255
1311,4,255,255,255
1312,26,255,255,255
1313,181,255,255,255
1314,8,255,255,255
1315,66,255,255,255
1316,45,255,255,255
1317,42,255,255,255
1318,13,255,255,255
1319,5,255,255,255
1320,72,255,255,255
1321,34,255,255,255
1322,53,255,255,255
1323,9,255,255,255
1324,26,255,255,255
1325,24,255,255,255
1326,315,255,255,255
1327,34,255,255,255
1328,66,255,255,255
1329,4,255,255,255
1330,5,255,255,255
1331,33,255,255,255
1332,5,255,255,255
1333,8,255,255,255
1334,30,255,255,255
1335,5,255,255,255
1336,77,255,255,255
1337,5,255,255,255
1338,70,255,255,255
1339,79,255,255,255
1340,17,255,255,255
1341,18,255,255,255
1342,10,255,255,255
1343,92,255,255,255
1344,175,255,255,255
1345,56,255,255,255
1346,13,255,255,255
1347,89,255,255,255
1348,120,255,255,255
1349,59,255,255,255
1350,8,255,255,255
1351,26,255,255,255
1352,66,255,255,255
1353,4,255,255,255
1354,8,255,255,255
1355,185,255,255,255
1356,29,255,255,255
1357,63,255,255,255
1358,69,255,255,255
1359,4,255,255,255
1360,15,255,255,255
1361,32,255,255,255
1362,63,255,255,255
1363,15,255,255,255
1364,75,255,255,255
1365,28,255,255,255
1366,79,255,255,255
1367,21,255,255,255
1368,19,255,255,255
1369,20,255,255,255
1370,5,255,255,255
1371,8,255,255,255
1372,56,255,255,255
1373,117,255,255,255
1374,51,255,255,255
1375,40,255,255,255
1376,105,255,255,255
1377,163,255,255,255
1378,6,255,255,255
1379,26,255,255,255
1380,20,255,255,255
1381,58,255,255,255
1382,66,255,255,255
1383,28,255,255,255
1384,91,255,255,255
1385,53,255,255,255
1386,108,255,255,255
1387,18,255,255,255
1388,101,255,255,255
1389,16,255,255,255
1390,63,255,255,255
1391,128,255,255,255
1392,23,255,255,255
1393,12,255,255,255
1394,79,255,255,255
1395,112,255,255,255
1396,56,255,255,255
1397,170,255,255,255
1398,56,255,255,255
1399,105,255,255,255
1400,4,255,255,255
1401,6,255,255,255
1402,6,255,255,255
1403,61,255,255,255
1404,4,255,255,255
1405,4,255,255,255
1406,53,255,255,255
1407,4,255,255,255
1408,11,255,255,255
1409,75,255,255,255
1410,7,255,255,255
1411,65,255,255,255
1412,5,255,255,255
1413,26,255,255,255
1414,7,255,255,255
1415,11,255,255,255
1416,17,255,255,255
1417,22,255,255,255
1418,5,255,255,255
1419,89,255,255,255
1420,37,255,255,255
1421,7,255,255,255
1422,22,255,255,255
1423,16,255,255,255
1424,4,255,255,255
1425,65,255,255,255
1426,4,255,255,255
1427,66,255,255,255
1428,5,255,255,255
1429,10,255,255,255
1430,15,255,255,255
1431,4,255,255,255
1432,129,255,255,255
1433,53,255,255,255
1434,4,255,255,255
1435,6,255,255,255
1436,150,255,255,255
1437,152,255,255,255
1438,75,255,255,255
1439,8,255,255,255
1440,39,255,255,255
1441,77,255,255,255
1442,4,255,255,255
1443,59,255,255,255
1444,112,255,255,255
1445,70,255,255,255
1446,157,255,255,255
1447,149,255,255,255
1448,4,255,255,255
1449,32,255,255,255
1450,19,255,255,255
1451,18,255,255,255
1452,16,255,255,255
1453,84,255,255,255
1454,26,255,255,255
1455,7,255,255,255
1456,37,255,255,255
1457,4,255,255,255
1458,4,255,255,255
1459,7,255,255,255
1460,29,255,255,255
1461,63,255,255,255
1462,6,255,255,255
1463,34,255,255,255
1464,15,255,255,255
1465,8,255,255,255
1466,9,255,255,255
1467,7,255,255,255
1468,19,255,255,255
1469,70,255,255,255
1470,4,255,255,255
1471,57,255,255,255
1472,60,255,255,255
1473,80,255,255,255
1474,45,255,255,255
1475,61,255,255,255
1476,72,255,255,255
1477,87,255,255,255
1478,55,255,255,255
1479,111,255,255,255
1480,33,255,255,255
1481,4,255,255,255
1482,70,255,255,255
1483,104,255,255,255
1484,29,255,255,255
1485,4,255,255,255
1486,51,255,255,255
1487,30,255,255,255
1488,40,255,255,255
1489,4,255,255,255
1490,173,255,255,255
1491,15,255,255,255
1492,7,255,255,255
1493,4,255,255,255
1494,30,255,255,255
1495,48,255,255,255
1496,99,255,255,255
1497,10,255,255,255
1498,49,255,255,255
1499,4,255,255,255
1500,43,255,255,255
1501,15,255,255,255
1502,75,255,255,255
1503,4,255,255,255
1504,4,255,255,255
1505,101,255,255,255
1506,7,255,255,255
1507,49,255,255,255
1508,154,255,255,255
1509,12,255,255,255
1510,4,255,255,255
1511,48,255,255,255
1512,8,255,255,255
1513,42,255,255,255
1514,19,255,255,255
1515,4,255,255,255
1516,6,255,255,255
1517,103,255,255,255
1518,53,255,255,255
1519,78,255,255,255
1520,4,255,255,255
1521,10,255,255,255
1522,8,255,255,255
1523,6,255,255,255
1524,21,255,255,255
1525,38,255,255,255
1526,114,255,255,255
1527,7,255,255,255
1528,5,255,255,255
1529,57,255,255,255
1530,50,255,255,255
1531,7,255,255,255
1532,31,255,255,255
1533,7,255,255,255
1534,7,255,255,255
1535,63,255,255,255
1536,5,255,255,255
1537,9,255,255,255
1538,52,255,255,255
1539,22,255,255,255
1540,40,255,255,255
1541,11,255,255,255
1542,131,255,255,255
1543,130,255,255,255
1544,116,255,255,255
1545,69,255,255,255
1546,35,255,255,255
1547,35,255,255,255
1548,66,255,255,255
1549,18,255,255,255
1550,29,255,255,255
1551,52,255,255,255
1552,6,255,255,255
1553,8,255,255,255
1554,41,255,255,255
1555,5,255,255,255
1556,57,255,255,255
1557,85,255,255,255
1558,21,255,255,255
1559,43,255,255,255
1560,114,255,255,255
1561,5,255,255,255
1562,71,255,255,255
1563,4,255,255,255
1564,5,255,255,255
1565,61,255,255,255
1566,4,255,255,255
1567,14,255,255,255
1568,5,255,255,255
1569,7,255,255,255
1570,103,255,255,255
1571,140,255,255,255
1572,15,255,255,255
1573,18,255,255,255
1574,4,255,255,255
1575,61,255,255,255
1576,4,255,255,255
1577,4,255,255,255
1578,82,255,255,255
1579,6,255,255,255
1580,28,255,255,255
1581,15,255,255,255
1582,51,255,255,255
1583,9,255,255,255
1584,62,255,255,255
1585,60,255,255,255
1586,19,255,255,255
1587,43,255,255,255
1588,7,255,255,255
1589,7,255,255,255
1590,5,255,255,255
1591,5,255,255,255
1592,55,255,255,255
1593,78,255,255,255
1594,42,255,255,255
1595,22,255,255,255
1596,7,255,255,255
1597,5,255,255,255
1598,14,255,255,255
1599,29,255,255,255
1600,50,255,255,255
1601,65,255,255,255
1602,14,255,255,255
1603,16,255,255,255
1604,130,255,255,255
1605,9,255,255,255
1606,104,255,255,255
1607,4,255,255,255
1608,44,255,255,255
1609,130,255,255,255
1610,157,255,255,255
1611,65,255,255,255
1612,56,255,255,255
1613,9,255,255,255
1614,21,255,255,255
1615,5,255,255,255
1616,24,255,255,255
1617,43,255,255,255
1618,41,255,255,255
1619,8,255,255,255
1620,5,255,255,255
1621,6,255,255,255
1622,60,255,255,255
1623,17,255,255,255
1624,33,255,255,255
1625,88,255,255,255
1626,68,255,255,255
1627,35,255,255,255
1628,71,255,255,255
1629,7,255,255,255
1630,6,255,255,255
1631,10,255,255,255
1632,4,255,255,255
1633,60,255,255,255
1634,42,255,255,255
1635,60,255,255,255
1636,11,255,255,255
1637,115,255,255,255
1638,105,255,255,255
1639,20,255,255,255
1640,17,255,255,255
1641,22,255,255,255
1642,59,255,255,255
1643,6,255,255,255
1644,58,255,255,255
1645,178,255,255,255
1646,11,255,255,255
1647,9,255,255,255
1648,8,255,255,255
1649,4,255,255,255
1650,63,255,255,255
1651,54,255,255,255
1652,5,255,255,255
1653,122,255,255,255
1654,59,255,255,255
1655,59,255,255,255
1656,20,255,255,255
1657,86,255,255,255
1658,16,255,255,255
1659,68,255,255,255
1660,22,255,255,255
1661,74,255,255,255
1662,15,255,255,255
1663,79,255,255,255
1664,23,255,255,255
1665,4,255,255,255
1666,90,255,255,255
1667,14,255,255,255
1668,58,255,255,255
1669,43,255,255,255
1670,24,255,255,255
1671,17,255,255,255
1672,4,255,255,255
1673,5,255,255,255
1674,6,255,255,255
1675,30,255,255,255
1676,9,255,255,255
1677,5,255,255,255
1678,64,255,255,255
1679,46,255,255,255
1680,76,255,255,255
1681,4,255,255,255
1682,108,255,255,255
1683,4,255,255,255
1684,19,255,255,255
1685,111,255,255,255
1686,16,255,255,255
1687,35,255,255,255
1688,115,255,255,255
1689,70,255,255,255
1690,9,255,255,255
1691,38,255,255,255
1692,5,255,255,255
1693,112,255,255,255
1694,56,255,255,255
1695,101,255,255,255
1696,4,255,255,255
1697,5,255,255,255
1698,38,255,255,255
1699,107,255,255,255
1700,32,255,255,255
1701,19,255,255,255
1702,9,255,255,255
1703,64,255,255,255
1704,116,255,255,255
1705,60,255,255,255
1706,8,255,255,255
1707,86,255,255,255
1708,13,255,255,255
1709,17,255,255,255
1710,7,255,255,255
1711,10,255,255,255
1712,59,255,255,255
1713,20,255,255,255
1714,93,255,255,255
1715,161,255,255,255
1716,5,255,255,255
1717,4,255,255,255
1718,4,255,255,255
1719,29,255,255,255
1720,4,255,255,255
1721,5,255,255,255
1722,4,255,255,255
1723,55,255,255,255
1724,81,255,255,255
1725,42,255,255,255
1726,8,255,255,255
1727,4,255,255,255
1728,5,255,255,255
1729,99,255,255,255
1730,96,255,255,255
1731,10,255,255,255
1732,26,255,255,255
1733,9,255,255,255
1734,6,255,255,255
1735,58,255,255,255
1736,50,255,255,255
1737,49,255,255,255
1738,5,255,255,255
1739,12,255,255,255
1740,11,255,255,255
1741,5,255,255,255
1742,141,255,255,255
1743,13,255,255,255
1744,62,255,255,255
1745,9,255,255,255
1746,9,255,255,255
1747,127,255,255,255
1748,8,255,255,255
1749,12,255,255,255
1750,136,255,255,255
1751,43,255,255,255
1752,8,255,255,255
1753,8,255,255,255
1754,50,255,255,255
1755,57,255,255,255
1756,8,255,255,255
1757,25,255,255,255
1758,46,255,255,255
1759,136,255,255,255
1760,67,255,255,255
1761,38,255,255,255
1762,13,255,255,255
1763,61,255,255,255
1764,35,255,255,255
1765,19,255,255,255
1766,40,255,255,255
1767,43,255,255,255
1768,147,255,255,255
1769,65,255,255,255
1770,39,255,255,255
1771,62,255,255,255
1772,23,255,255,255
1773,8,255,255,255
1774,5,255,255,255
1775,59,255,255,255
1776,15,255,255,255
1777,55,255,255,255
1778,51,255,255,255
1779,6,255,255,255
1780,54,255,255,255
1781,34,255,255,255
1782,19,255,255,255
1783,5,255,255,255
1784,12,255,255,255
1785,78,255,255,255
1786,142,255,255,255
1787,15,255,255,255
1788,50,255,255,255
1789,5,255,255,255
1790,7,255,255,255
1791,45,255,255,255
1792,6,255,255,255
1793,8,255,255,255
1794,4,255,255,255
1795,4,255,255,255
1796,78,255,255,255
1797,28,255,255,255
1798,44,255,255,255
1799,107,255,255,255
1800,127,255,255,255
1801,42,255,255,255
1802,97,255,255,255
1803,13,255,255,255
1804,4,255,255,255
1805,5,255,255,255
1806,130,255,255,255
1807,59,255,255,255
1808,75,255,255,255
1809,62,255,255,255
1810,79,255,255,255
1811,21,255,255,255
1812,35,255,255,255
1813,45,255,255,255
1814,28,255,255,255
1815,61,255,255,255
1816,67,255,255,255
1817,70,255,255,255
1818,43,255,255,255
1819,42,255,255,255
1820,131,255,255,255
1821,6,255,255,255
1822,5,255,255,255
1823,99,255,255,255
1824,5,255,255,255
1825,5,255,255,255
1826,27,255,255,255
1827,10,255,255,255
1828,6,255,255,255
1829,100,255,255,255
1830,4,255,255,255
1831,5,255,255,255
1832,88,255,255,255
1833,76,255,255,255
1834,38,255,255,255
1835,36,255,255,255
1836,7,255,255,255
1837,46,255,255,255
1838,13,255,255,255
1839,55,255,255,255
1840,30,255,255,255
1841,8,255,255,255
1842,6,255,255,255
1843,51,255,255,255
1844,4,255,255,255
1845,75,255,255,255
1846,7,255,255,255
1847,36,255,255,255
1848,27,255,255,255
1849,52,255,255,255
1850,24,255,255,255
1851,96,255,255,255
1852,68,255,255,255
1853,60,255,255,255
1854,14,255,255,255
1855,5,255,255,255
1856,6,255,255,255
1857,44,255,255,255
1858,6,255,255,255
1859,20,255,255,255
1860,126,255,255,255
1861,106,255,255,255
1862,48,255,255,255
1863,61,255,255,255
1864,270,255,255,255
1865,9,255,255,255
1866,21,255,255,255
1867,7,255,255,255
1868,29,255,255,255
1869,151,255,255,255
1870,9,255,255,255
1871,44,255,255,255
1872,60,255,255,255
1873,110,255,255,255
1874,38,255,255,255
1875,8,255,255,255
1876,5,255,255,255
1877,49,255,255,255
1878,5,255,255,255
1879,42,255,255,255
1880,21,255,255,255
1881,39,255,255,255
1882,150,255,255,255
1883,5,255,255,255
1884,53,255,255,255
1885,122,255,255,255
1886,12,255,255,255
1887,4,255,255,255
1888,14,255,255,255
1889,69,255,255,255
1890,12,255,255,255
1891,20,255,255,255
1892,73,255,255,255
1893,4,255,255,255
1894,71,255,255,255
1895,21,255,255,255
1896,71,255,255,255
1897,41,255,255,255
1898,4,255,255,255
1899,49,255,255,255
1900,26,255,255,255
1901,160,255,255,255
1902,31,255,255,255
1903,28,255,255,255
1904,66,255,255,255
1905,5,255,255,255
1906,21,255,255,255
1907,24,255,255,255
1908,4,255,255,255
1909,22,255,255,255
1910,137,255,255,255
1911,131,255,255,255
1912,5,255,255,255
1913,43,255,255,255
1914,10,255,255,255
1915,82,255,255,255
1916,38,255,255,255
1917,59,255,255,255
1918,20,255,255,255
1919,87,255,255,255
1920,54,255,255,255
1921,7,255,255,255
1922,49,255,255,255
1923,18,255,255,255
1924,30,255,255,255
1925,140,255,255,255
1926,12,255,255,255
1927,90,255,255,255
1928,5,255,255,255
1929,66,255,255,255
1930,4,255,255,255
1931,33,255,255,255
1932,31,255,255,255
1933,4,255,255,255
1934,146,255,255,255
1935,41,255,255,255
1936,31,255,255,255
1937,94,255,255,255
1938,107,255,255,255
1939,39,255,255,255
1940,15,255,255,255
1941,15,255,255,255
1942,14,255,255,255
1943,5,255,255,255
1944,4,255,255,255
1945,88,255,255,255
1946,138,255,255,255
1947,111,255,255,255
1948,5,255,255,255
1949,25,255,255,255
1950,39,255,255,255
1951,80,255,255,255
1952,28,255,255,255
1953,25,255,255,255
1954,61,255,255,255
1955,32,255,255,255
1956,134,255,255,255
1957,67,255,255,255
1958,59,255,255,255
1959,33,255,255,255
1960,90,255,255,255
1961,49,255,255,255
1962,81,255,255,255
1963,39,255,255,255
1964,47,255,255,255
1965,59,255,255,255
1966,64,255,255,255
1967,50,255,255,255
1968,12,255,255,255
1969,172,255,255,255
1970,77,255,255,255
1971,44,255,255,255
1972,69,255,255,255
1973,8,255,255,255
1974,63,255,255,255
1975,157,255,255,255
1976,75,255,255,255
1977,51,255,255,255
1978,36,255,255,255
1979,7,255,255,255
1980,31,255,255,255
1981,8,255,255,255
1982,6,255,255,255
1983,22,255,255,255
1984,37,255,255,255
1985,91,255,255,255
1986,60,255,255,255
1987,10,255,255,255
1988,68,255,255,255
1989,65,255,255,255
1990,4,255,255,255
1991,7,255,255,255
1992,7,255,255,255
1993,6,255,255,255
1994,23,255,255,255
1995,4,255,255,255
1996,8,255,255,255
1997,5,255,255,255
1998,47,255,255,255
1999,7,255,255,255
2000,54,255,255,255
2001,43,255,255,255
2002,10,255,255,255
2003,4,255,255,255
2004,23,255,255,255
2005,35,255,255,255
2006,34,255,255,255
2007,25,255,255,255
2008,11,255,255,255
2009,43,255,255,255
2010,41,255,255,255
2011,88,255,255,255
2012,6,255,255,255
2013,51,255,255,255
2014,4,255,255,255
2015,10,255,255,255
2016,7,255,255,255
